old_url,new_url,status_code,post_type
https://www.divorcelawyer.com/articles/i-wish-i-had-taken-alimony/,https://www.divorcelawyer.com/articles/i-wish-i-had-taken-alimony,301,articles
https://www.divorcelawyer.com/articles/addiction-it-was-never-the-last-time/,https://www.divorcelawyer.com/articles/addiction-it-was-never-the-last-time,301,articles
https://www.divorcelawyer.com/articles/10-steps-to-divorce/,https://www.divorcelawyer.com/articles/10-steps-to-divorce,301,articles
https://www.divorcelawyer.com/articles/how-long-does-divorce-typically-take/,https://www.divorcelawyer.com/articles/how-long-does-divorce-typically-take,301,articles
https://www.divorcelawyer.com/articles/how-to-tell-your-friends-that-you-are-getting-divorced/,https://www.divorcelawyer.com/articles/how-to-tell-your-friends-that-you-are-getting-divorced,301,articles
https://www.divorcelawyer.com/articles/understanding-spousal-support/,https://www.divorcelawyer.com/articles/understanding-spousal-support,301,articles
https://www.divorcelawyer.com/articles/homes-properties-and-assets-in-divorce/,https://www.divorcelawyer.com/articles/homes-properties-and-assets-in-divorce,301,articles
https://www.divorcelawyer.com/articles/will-a-cheating-spouse-impact-my-divorce/,https://www.divorcelawyer.com/articles/will-a-cheating-spouse-impact-my-divorce,301,articles
https://www.divorcelawyer.com/articles/understanding-child-support/,https://www.divorcelawyer.com/articles/understanding-child-support,301,articles
https://www.divorcelawyer.com/articles/what-to-expect-at-your-initial-divorce-consultation/,https://www.divorcelawyer.com/articles/what-to-expect-at-your-initial-divorce-consultation,301,articles
https://www.divorcelawyer.com/articles/choosing-the-right-divorce-process/,https://www.divorcelawyer.com/articles/choosing-the-right-divorce-process,301,articles
https://www.divorcelawyer.com/articles/sharing-a-business-when-a-marriage-ends/,https://www.divorcelawyer.com/articles/sharing-a-business-when-a-marriage-ends,301,articles
https://www.divorcelawyer.com/articles/prenuptial-agreements-and-divorce/,https://www.divorcelawyer.com/articles/prenuptial-agreements-and-divorce,301,articles
https://www.divorcelawyer.com/articles/co-parenting-after-divorce/,https://www.divorcelawyer.com/articles/co-parenting-after-divorce,301,articles
https://www.divorcelawyer.com/articles/six-stages-of-divorce/,https://www.divorcelawyer.com/articles/six-stages-of-divorce,301,articles
https://www.divorcelawyer.com/articles/finding-our-way-as-parents/,https://www.divorcelawyer.com/articles/finding-our-way-as-parents,301,articles
https://www.divorcelawyer.com/articles/how-not-to-react-to-divorce/,https://www.divorcelawyer.com/articles/how-not-to-react-to-divorce,301,articles
https://www.divorcelawyer.com/articles/how-much-will-my-divorce-cost/,https://www.divorcelawyer.com/articles/how-much-will-my-divorce-cost,301,articles
https://www.divorcelawyer.com/articles/the-financial-complexities-of-business-debt-and-divorce/,https://www.divorcelawyer.com/articles/the-financial-complexities-of-business-debt-and-divorce,301,articles
https://www.divorcelawyer.com/articles/choosing-the-right-divorce-lawyer/,https://www.divorcelawyer.com/articles/choosing-the-right-divorce-lawyer,301,articles
https://www.divorcelawyer.com/articles/divorce-and-domestic-violence/,https://www.divorcelawyer.com/articles/divorce-and-domestic-violence,301,articles
https://www.divorcelawyer.com/articles/common-reasons-for-divorce/,https://www.divorcelawyer.com/articles/common-reasons-for-divorce,301,articles
https://www.divorcelawyer.com/articles/is-lifelong-alimony-possible/,https://www.divorcelawyer.com/articles/is-lifelong-alimony-possible,301,articles
https://www.divorcelawyer.com/articles/understanding-postnuptial-agreements/,https://www.divorcelawyer.com/articles/understanding-postnuptial-agreements,301,articles
https://www.divorcelawyer.com/articles/how-difficult-is-it-to-modify-my-divorce-once-its-settled/,https://www.divorcelawyer.com/articles/how-difficult-is-it-to-modify-my-divorce-once-its-settled,301,articles
https://www.divorcelawyer.com/articles/dividing-non-liquid-assets-in-divorce/,https://www.divorcelawyer.com/articles/dividing-non-liquid-assets-in-divorce,301,articles
https://www.divorcelawyer.com/articles/the-impact-of-family-businesses-on-divorce/,https://www.divorcelawyer.com/articles/the-impact-of-family-businesses-on-divorce,301,articles
https://www.divorcelawyer.com/articles/protecting-your-financial-interests-in-a-divorce/,https://www.divorcelawyer.com/articles/protecting-your-financial-interests-in-a-divorce,301,articles
https://www.divorcelawyer.com/articles/tips-for-surviving-the-divorce-process/,https://www.divorcelawyer.com/articles/tips-for-surviving-the-divorce-process,301,articles
https://www.divorcelawyer.com/articles/tips-for-resolving-conflict-in-divorce/,https://www.divorcelawyer.com/articles/tips-for-resolving-conflict-in-divorce,301,articles
https://www.divorcelawyer.com/articles/three-factors-that-affect-the-cost-of-divorce/,https://www.divorcelawyer.com/articles/three-factors-that-affect-the-cost-of-divorce,301,articles
https://www.divorcelawyer.com/articles/does-anyone-ever-change-their-mind-about-divorce/,https://www.divorcelawyer.com/articles/does-anyone-ever-change-their-mind-about-divorce,301,articles
https://www.divorcelawyer.com/articles/six-of-the-worst-reasons-to-get-divorced/,https://www.divorcelawyer.com/articles/six-of-the-worst-reasons-to-get-divorced,301,articles
https://www.divorcelawyer.com/articles/telling-your-kids-about-your-divorce/,https://www.divorcelawyer.com/articles/telling-your-kids-about-your-divorce,301,articles
https://www.divorcelawyer.com/articles/is-there-a-waiting-period-to-get-divorced/,https://www.divorcelawyer.com/articles/is-there-a-waiting-period-to-get-divorced,301,articles
https://www.divorcelawyer.com/articles/prenuptial-agreements-and-divorce-do-they-hold-up/,https://www.divorcelawyer.com/articles/prenuptial-agreements-and-divorce-do-they-hold-up,301,articles
https://www.divorcelawyer.com/articles/the-role-of-the-judge-in-your-divorce/,https://www.divorcelawyer.com/articles/the-role-of-the-judge-in-your-divorce,301,articles
https://www.divorcelawyer.com/articles/factors-impacting-the-cost-of-divorce/,https://www.divorcelawyer.com/articles/factors-impacting-the-cost-of-divorce,301,articles
https://www.divorcelawyer.com/articles/navigating-premarital-assets-during-divorce/,https://www.divorcelawyer.com/articles/navigating-premarital-assets-during-divorce,301,articles
https://www.divorcelawyer.com/articles/how-major-financial-decisions-can-affect-your-divorce/,https://www.divorcelawyer.com/articles/how-major-financial-decisions-can-affect-your-divorce,301,articles
https://www.divorcelawyer.com/articles/filing-for-divorce-who-goes-first/,https://www.divorcelawyer.com/articles/filing-for-divorce-who-goes-first,301,articles
https://www.divorcelawyer.com/articles/building-a-collaborative-team-to-support-you-through-divorce/,https://www.divorcelawyer.com/articles/building-a-collaborative-team-to-support-you-through-divorce,301,articles
https://www.divorcelawyer.com/articles/the-dual-challenge-of-addiction-and-divorce/,https://www.divorcelawyer.com/articles/the-dual-challenge-of-addiction-and-divorce,301,articles
https://www.divorcelawyer.com/articles/lying-to-your-attorney-and-other-divorce-mistakes/,https://www.divorcelawyer.com/articles/lying-to-your-attorney-and-other-divorce-mistakes,301,articles
https://www.divorcelawyer.com/articles/top-challenges-in-high-net-worth-divorces/,https://www.divorcelawyer.com/articles/top-challenges-in-high-net-worth-divorces,301,articles
https://www.divorcelawyer.com/articles/understanding-prenups-and-their-impact-on-divorce/,https://www.divorcelawyer.com/articles/understanding-prenups-and-their-impact-on-divorce,301,articles
https://www.divorcelawyer.com/articles/does-mediation-really-work-what-to-expect/,https://www.divorcelawyer.com/articles/does-mediation-really-work-what-to-expect,301,articles
https://www.divorcelawyer.com/articles/how-does-infidelity-affect-my-divorce/,https://www.divorcelawyer.com/articles/how-does-infidelity-affect-my-divorce,301,articles
https://www.divorcelawyer.com/articles/common-divorce-themes-in-longer-marriages/,https://www.divorcelawyer.com/articles/common-divorce-themes-in-longer-marriages,301,articles
https://www.divorcelawyer.com/articles/five-biggest-mistakes-to-avoid-during-divorce/,https://www.divorcelawyer.com/articles/five-biggest-mistakes-to-avoid-during-divorce,301,articles
https://www.divorcelawyer.com/articles/does-it-matter-who-files-first-for-divorce/,https://www.divorcelawyer.com/articles/does-it-matter-who-files-first-for-divorce,301,articles
https://www.divorcelawyer.com/articles/understanding-georgias-new-child-support-guidelines/,https://www.divorcelawyer.com/articles/understanding-georgias-new-child-support-guidelines,301,articles
https://www.divorcelawyer.com/articles/modifying-a-divorce-after-its-final/,https://www.divorcelawyer.com/articles/modifying-a-divorce-after-its-final,301,articles
https://www.divorcelawyer.com/articles/how-to-divorce-and-not-ruin-your-kids/,https://www.divorcelawyer.com/articles/how-to-divorce-and-not-ruin-your-kids,301,articles
https://www.divorcelawyer.com/articles/using-humor-to-cope-with-divorce/,https://www.divorcelawyer.com/articles/using-humor-to-cope-with-divorce,301,articles
https://www.divorcelawyer.com/articles/the-dollars-and-cents-of-divorce-finances/,https://www.divorcelawyer.com/articles/the-dollars-and-cents-of-divorce-finances,301,articles
https://www.divorcelawyer.com/articles/chaos-to-clarity-divorce-coaching/,https://www.divorcelawyer.com/articles/chaos-to-clarity-divorce-coaching,301,articles
https://www.divorcelawyer.com/articles/lowering-your-expectations-about-co-parenting/,https://www.divorcelawyer.com/articles/lowering-your-expectations-about-co-parenting,301,articles
https://www.divorcelawyer.com/articles/what-silence-costs-women-in-divorce/,https://www.divorcelawyer.com/articles/what-silence-costs-women-in-divorce,301,articles
https://www.divorcelawyer.com/articles/divorce-in-the-digital-age/,https://www.divorcelawyer.com/articles/divorce-in-the-digital-age,301,articles
https://www.divorcelawyer.com/articles/the-end-of-love-beginning-of-divorce/,https://www.divorcelawyer.com/articles/the-end-of-love-beginning-of-divorce,301,articles
https://www.divorcelawyer.com/articles/building-on-new-ground-estate-planning-after-divorce/,https://www.divorcelawyer.com/articles/building-on-new-ground-estate-planning-after-divorce,301,articles
https://www.divorcelawyer.com/articles/seven-strategies-to-save-stress-and-money-in-a-divorce/,https://www.divorcelawyer.com/articles/seven-strategies-to-save-stress-and-money-in-a-divorce,301,articles
https://www.divorcelawyer.com/articles/a-parents-guide-to-alcohol-concerns-in-custody-cases/,https://www.divorcelawyer.com/articles/a-parents-guide-to-alcohol-concerns-in-custody-cases,301,articles
https://www.divorcelawyer.com/articles/celebrity-divorces-with-randy-kessler/,https://www.divorcelawyer.com/articles/celebrity-divorces-with-randy-kessler,301,articles
https://www.divorcelawyer.com/articles/navigating-divorce-and-the-power-of-choice-with-divorce-coach-karen-covy/,https://www.divorcelawyer.com/articles/navigating-divorce-and-the-power-of-choice-with-divorce-coach-karen-covy,301,articles
https://www.divorcelawyer.com/articles/managing-divorce-like-a-business-plan-with-author-andy-heller/,https://www.divorcelawyer.com/articles/managing-divorce-like-a-business-plan-with-author-andy-heller,301,articles
https://www.divorcelawyer.com/articles/hidden-assets-and-forensic-investigations-with-nicholas-himonidis/,https://www.divorcelawyer.com/articles/hidden-assets-and-forensic-investigations-with-nicholas-himonidis,301,articles
https://www.divorcelawyer.com/articles/breakdown-to-breakthrough-stories-and-strategies-for-moving-through-divorce-quickly/,https://www.divorcelawyer.com/articles/breakdown-to-breakthrough-stories-and-strategies-for-moving-through-divorce-quickly,301,articles
https://www.divorcelawyer.com/articles/the-sobriety-factor-trust-technology-and-custody-battles/,https://www.divorcelawyer.com/articles/the-sobriety-factor-trust-technology-and-custody-battles,301,articles
https://www.divorcelawyer.com/articles/missing-divorce-agreement-clauses/,https://www.divorcelawyer.com/articles/missing-divorce-agreement-clauses,301,articles
https://www.divorcelawyer.com/articles/custody-battles-how-courts-make-decisions-in-the-best-interest-of-children/,https://www.divorcelawyer.com/articles/custody-battles-how-courts-make-decisions-in-the-best-interest-of-children,301,articles
https://www.divorcelawyer.com/articles/collaborative-divorce-vs-traditional-litigation-cost-time-outcomes/,https://www.divorcelawyer.com/articles/collaborative-divorce-vs-traditional-litigation-cost-time-outcomes,301,articles
https://www.divorcelawyer.com/articles/the-dirty-secret-about-amicable-divorce-that-no-one-wants-to-admit/,https://www.divorcelawyer.com/articles/the-dirty-secret-about-amicable-divorce-that-no-one-wants-to-admit,301,articles
https://www.divorcelawyer.com/articles/divorcing-an-alcoholic-how-monitoring-helps-protect-children-and-prove-accountability/,https://www.divorcelawyer.com/articles/divorcing-an-alcoholic-how-monitoring-helps-protect-children-and-prove-accountability,301,articles
https://www.divorcelawyer.com/dl-member/boyd-collar-nolen-tuggle-roddenbery/,https://www.divorcelawyer.com/law-firms/boyd-collar-nolen-tuggle-roddenbery,301,law_firm
https://www.divorcelawyer.com/dl-member/boyd-collar-nolen-tuggle-roddenbery/jonathan-tuggle/,https://www.divorcelawyer.com/lawyers/jonathan-tuggle,301,lawyer
https://www.divorcelawyer.com/dl-member/kessler-solomiany-llc/,https://www.divorcelawyer.com/law-firms/kessler-solomiany-llc,301,law_firm
https://www.divorcelawyer.com/dl-member/stern-edlin-graham-family-law-p-c/gary-graham/,https://www.divorcelawyer.com/lawyers/gary-graham,301,lawyer
https://www.divorcelawyer.com/dl-member/kessler-solomiany-llc/marvin-solomiany/,https://www.divorcelawyer.com/lawyers/marvin-solomiany,301,lawyer
https://www.divorcelawyer.com/dl-member/stern-edlin-graham-family-law-p-c/,https://www.divorcelawyer.com/law-firms/stern-edlin-graham-family-law-p-c,301,law_firm
https://www.divorcelawyer.com/dl-member/new-leaf-family-law-firm/,https://www.divorcelawyer.com/law-firms/new-leaf-family-law-firm,301,law_firm
https://www.divorcelawyer.com/dl-member/new-leaf-family-law-firm/christopher-anderson/,https://www.divorcelawyer.com/lawyers/christopher-anderson,301,lawyer
https://www.divorcelawyer.com/dl-member/hembree-bell-law-firm-pllc/,https://www.divorcelawyer.com/law-firms/hembree-bell-law-firm-pllc,301,law_firm
https://www.divorcelawyer.com/dl-member/hembree-bell-law-firm-pllc/hannah-hembree-bell/,https://www.divorcelawyer.com/lawyers/hannah-hembree-bell,301,lawyer
https://www.divorcelawyer.com/?page_id=3289,https://www.divorcelawyer.com/business-home-alternate,301,page
https://www.divorcelawyer.com/?page_id=3639,https://www.divorcelawyer.com/test-page,301,page
https://www.divorcelawyer.com/,https://www.divorcelawyer.com/home,301,page
https://www.divorcelawyer.com/learning-center/,https://www.divorcelawyer.com/learning-center,301,page
https://www.divorcelawyer.com/about-us/,https://www.divorcelawyer.com/about-us,301,page
https://www.divorcelawyer.com/about-us/news-and-press/,https://www.divorcelawyer.com/news-and-press,301,page
https://www.divorcelawyer.com/policies/privacy-policy/,https://www.divorcelawyer.com/privacy-policy,301,page
https://www.divorcelawyer.com/learning-center/categories/,https://www.divorcelawyer.com/categories,301,page
https://www.divorcelawyer.com/learning-center/emotions/,https://www.divorcelawyer.com/emotions,301,page
https://www.divorcelawyer.com/about-us/contact-us/,https://www.divorcelawyer.com/contact-us,301,page
https://www.divorcelawyer.com/about-us/meet-the-team/,https://www.divorcelawyer.com/meet-the-team,301,page
https://www.divorcelawyer.com/learning-center/top-divorce-questions/,https://www.divorcelawyer.com/top-divorce-questions,301,page
https://www.divorcelawyer.com/connect-with-lawyer/,https://www.divorcelawyer.com/connect-with-lawyer,301,page
https://www.divorcelawyer.com/learning-center/stages-of-divorce/,https://www.divorcelawyer.com/stages-of-divorce,301,page
https://www.divorcelawyer.com/learning-center/real-voices/,https://www.divorcelawyer.com/real-voices,301,page
https://www.divorcelawyer.com/about-us/for-lawyers/,https://www.divorcelawyer.com/for-lawyers,301,page
https://www.divorcelawyer.com/search/,https://www.divorcelawyer.com/search,301,page
https://www.divorcelawyer.com/location-not-found/,https://www.divorcelawyer.com/location-not-found,301,page
https://www.divorcelawyer.com/policies/cookies-policy/,https://www.divorcelawyer.com/cookies-policy,301,page
https://www.divorcelawyer.com/policies/accessibility-statement/,https://www.divorcelawyer.com/accessibility-statement,301,page
https://www.divorcelawyer.com/news-and-press/313111-2/,https://www.divorcelawyer.com/blog/313111-2,301,post
https://www.divorcelawyer.com/news-and-press/one-8-media-holdings-llc-acquires-the-premium-domain-name-divorcelawyer-com/,https://www.divorcelawyer.com/blog/one-8-media-holdings-llc-acquires-the-premium-domain-name-divorcelawyer-com,301,post
https://www.divorcelawyer.com/policies/,https://www.divorcelawyer.com/policies,301,page
https://www.divorcelawyer.com/news-and-press/divorcelawyer-com-announces-sponsorship-of-the-international-academy-of-family-law-iafl/,https://www.divorcelawyer.com/blog/divorcelawyer-com-announces-sponsorship-of-the-international-academy-of-family-law-iafl,301,post
https://www.divorcelawyer.com/news-and-press/divorcelawyer-com-completes-first-exclusive-market-in-atlanta-georgia-with-top-law-firms-as-founding-members/,https://www.divorcelawyer.com/blog/divorcelawyer-com-completes-first-exclusive-market-in-atlanta-georgia-with-top-law-firms-as-founding-members,301,post
https://www.divorcelawyer.com/policies/terms-conditions/,https://www.divorcelawyer.com/terms-conditions,301,page
https://www.divorcelawyer.com/divorcelawyer-councils/,https://www.divorcelawyer.com/divorcelawyer-councils,301,page
https://www.divorcelawyer.com/councils-application-for-membership/,https://www.divorcelawyer.com/councils-application-for-membership,301,page
https://www.divorcelawyer.com/news-and-press/divorcelawyer-com-launches-as-the-first-educational-content-library-and-community-dedicated-to-divorce/,https://www.divorcelawyer.com/blog/divorcelawyer-com-launches-as-the-first-educational-content-library-and-community-dedicated-to-divorce,301,post
https://www.divorcelawyer.com/news-and-press/introducing-divorcelawyer-com-councils/,https://www.divorcelawyer.com/blog/introducing-divorcelawyer-com-councils,301,post
https://www.divorcelawyer.com/connect-with-lawyer/request-an-introduction/,https://www.divorcelawyer.com/request-an-introduction,301,page
https://www.divorcelawyer.com/?post_type=videos&p=920892,https://www.divorcelawyer.com/videos/video,301,videos
https://www.divorcelawyer.com/videos/is-it-worth-going-to-trial/,https://www.divorcelawyer.com/videos/is-it-worth-going-to-trial,301,videos
https://www.divorcelawyer.com/videos/iafl-welcome-video/,https://www.divorcelawyer.com/videos/iafl-welcome-video,301,videos
https://www.divorcelawyer.com/videos/picking-the-right-attorney/,https://www.divorcelawyer.com/videos/picking-the-right-attorney,301,videos
https://www.divorcelawyer.com/videos/the-real-stages-of-divorce/,https://www.divorcelawyer.com/videos/the-real-stages-of-divorce,301,videos
https://www.divorcelawyer.com/videos/going-to-trial-is-it-worth-the-effort-and-expense/,https://www.divorcelawyer.com/videos/going-to-trial-is-it-worth-the-effort-and-expense,301,videos
https://www.divorcelawyer.com/videos/picking-the-right-attorney-by-gary-graham/,https://www.divorcelawyer.com/videos/picking-the-right-attorney-by-gary-graham,301,videos
https://www.divorcelawyer.com/videos/my-most-rewarding-divorce-case/,https://www.divorcelawyer.com/videos/my-most-rewarding-divorce-case,301,videos
https://www.divorcelawyer.com/videos/top-challenges-in-high-net-worth-cases/,https://www.divorcelawyer.com/videos/top-challenges-in-high-net-worth-cases,301,videos
https://www.divorcelawyer.com/videos/i-brought-my-business-into-the-marriage-how-do-i-protect-it-in-a-divorce/,https://www.divorcelawyer.com/videos/i-brought-my-business-into-the-marriage-how-do-i-protect-it-in-a-divorce,301,videos
https://www.divorcelawyer.com/videos/most-difficult-aspects-of-property-or-business-division/,https://www.divorcelawyer.com/videos/most-difficult-aspects-of-property-or-business-division,301,videos
https://www.divorcelawyer.com/videos/i-am-getting-a-divorce-what-do-i-need-to-know/,https://www.divorcelawyer.com/videos/i-am-getting-a-divorce-what-do-i-need-to-know,301,videos
https://www.divorcelawyer.com/videos/how-does-infidelity-affect-your-divorce/,https://www.divorcelawyer.com/videos/how-does-infidelity-affect-your-divorce,301,videos
https://www.divorcelawyer.com/videos/patience-pays-off/,https://www.divorcelawyer.com/videos/patience-pays-off,301,videos
https://www.divorcelawyer.com/videos/not-all-assets-are-created-equally-what-should-i-ask-for-in-my-divorce/,https://www.divorcelawyer.com/videos/not-all-assets-are-created-equally-what-should-i-ask-for-in-my-divorce,301,videos
https://www.divorcelawyer.com/videos/how-is-same-sex-divorce-different/,https://www.divorcelawyer.com/videos/how-is-same-sex-divorce-different,301,videos
https://www.divorcelawyer.com/videos/gathering-financial-documents-for-discovery-best-practices/,https://www.divorcelawyer.com/videos/gathering-financial-documents-for-discovery-best-practices,301,videos
https://www.divorcelawyer.com/videos/what-is-a-financial-expert-why-do-you-need-one/,https://www.divorcelawyer.com/videos/what-is-a-financial-expert-why-do-you-need-one,301,videos
https://www.divorcelawyer.com/videos/budgeting-a-critical-part-of-the-divorce-process/,https://www.divorcelawyer.com/videos/budgeting-a-critical-part-of-the-divorce-process,301,videos
https://www.divorcelawyer.com/videos/is-alimony-automatic/,https://www.divorcelawyer.com/videos/is-alimony-automatic,301,videos
https://www.divorcelawyer.com/videos/the-most-difficult-aspects-of-property-division/,https://www.divorcelawyer.com/videos/the-most-difficult-aspects-of-property-division,301,videos
https://www.divorcelawyer.com/videos/what-do-i-need-to-do-before-i-file-for-divorce/,https://www.divorcelawyer.com/videos/what-do-i-need-to-do-before-i-file-for-divorce,301,videos
https://www.divorcelawyer.com/videos/understanding-dating-and-divorce/,https://www.divorcelawyer.com/videos/understanding-dating-and-divorce,301,videos
https://www.divorcelawyer.com/videos/what-i-learned-from-my-own-divorce/,https://www.divorcelawyer.com/videos/what-i-learned-from-my-own-divorce,301,videos
https://www.divorcelawyer.com/videos/youre-not-alone/,https://www.divorcelawyer.com/videos/youre-not-alone,301,videos
https://www.divorcelawyer.com/videos/how-to-tell-your-children-you-are-getting-a-divorce/,https://www.divorcelawyer.com/videos/how-to-tell-your-children-you-are-getting-a-divorce,301,videos
https://www.divorcelawyer.com/videos/youre-not-a-failure-because-youre-getting-a-divorce/,https://www.divorcelawyer.com/videos/youre-not-a-failure-because-youre-getting-a-divorce,301,videos
https://www.divorcelawyer.com/videos/coming-to-terms-with-divorce/,https://www.divorcelawyer.com/videos/coming-to-terms-with-divorce,301,videos
https://www.divorcelawyer.com/videos/how-to-find-the-hidden-money/,https://www.divorcelawyer.com/videos/how-to-find-the-hidden-money,301,videos
https://www.divorcelawyer.com/videos/am-i-a-failure-because-im-getting-divorced/,https://www.divorcelawyer.com/videos/am-i-a-failure-because-im-getting-divorced,301,videos
https://www.divorcelawyer.com/videos/gaslighting-who-to-trust/,https://www.divorcelawyer.com/videos/gaslighting-who-to-trust,301,videos
https://www.divorcelawyer.com/videos/every-divorce-is-different/,https://www.divorcelawyer.com/videos/every-divorce-is-different,301,videos
https://www.divorcelawyer.com/videos/top-2-questions-asked-by-people-contemplating-a-divorce/,https://www.divorcelawyer.com/videos/top-2-questions-asked-by-people-contemplating-a-divorce,301,videos
https://www.divorcelawyer.com/videos/tips-for-toning-down-the-negativity/,https://www.divorcelawyer.com/videos/tips-for-toning-down-the-negativity,301,videos
https://www.divorcelawyer.com/videos/divorce-lessons-from-the-rich-and-famous/,https://www.divorcelawyer.com/videos/divorce-lessons-from-the-rich-and-famous,301,videos
https://www.divorcelawyer.com/videos/the-impact-of-social-media-on-divorce-cases/,https://www.divorcelawyer.com/videos/the-impact-of-social-media-on-divorce-cases,301,videos
https://www.divorcelawyer.com/videos/picking-the-right-attorney-the-initial-consultation/,https://www.divorcelawyer.com/videos/picking-the-right-attorney-the-initial-consultation,301,videos
https://www.divorcelawyer.com/videos/top-three-lessons-i-learned-from-my-divorce/,https://www.divorcelawyer.com/videos/top-three-lessons-i-learned-from-my-divorce,301,videos
