post_id,name,slug,content
847076,Alabama,alabama,
847077,Alaska,alaska,
847078,Arizona,arizona,
847079,Arkansas,arkansas,
847080,California,california,
847081,Colorado,colorado,
847082,Connecticut,connecticut,
847083,Delaware,delaware,
847084,District of Columbia,district-of-columbia,
847085,Florida,florida,
847086,Georgia,georgia,
847087,Hawaii,hawaii,
847088,Idaho,idaho,
847089,Illinois,illinois,
847090,Indiana,indiana,
847091,Iowa,iowa,
847092,Kansas,kansas,
847093,Kentucky,kentucky,
847094,Louisiana,louisiana,
847095,Maine,maine,
847096,Maryland,maryland,
847097,Massachusetts,massachusetts,
847098,Michigan,michigan,
847099,Minnesota,minnesota,
847100,Mississippi,mississippi,
847101,Missouri,missouri,
847102,Montana,montana,
847103,Nebraska,nebraska,
847104,Nevada,nevada,
847105,New Hampshire,new-hampshire,
847106,New Jersey,new-jersey,
847107,New Mexico,new-mexico,
847108,New York,new-york,
847109,North Carolina,north-carolina,
847110,North Dakota,north-dakota,
847111,Ohio,ohio,
847112,Oklahoma,oklahoma,
847113,Oregon,oregon,
847114,Pennsylvania,pennsylvania,
847115,Puerto Rico,puerto-rico,
847116,Rhode Island,rhode-island,
847117,South Carolina,south-carolina,
847118,South Dakota,south-dakota,
847119,Tennessee,tennessee,
847120,Texas,texas,
847121,Utah,utah,
847122,Vermont,vermont,
847123,Virginia,virginia,
847124,Washington,washington,
847125,West Virginia,west-virginia,
847126,Wisconsin,wisconsin,
847127,Wyoming,wyoming,
